<?xml version="1.0" encoding="UTF-8" standalone="yes"?>
<addon id="repository.nucleo" name="Nucleo Repo" version="1.1" provider-name="JonasWlad">
    <extension point="xbmc.addon.repository" name="Nome Repository">
        <dir>
            <info compressed="false">https://github.com/jonaswlad/nucleo/tree/main/zip/addons.xml</info>
            <checksum>https://github.com/jonaswlad/nucleo/tree/main/zip/addons.xml.md5</checksum>
            <datadir zip="true">https://github.com/jonaswlad/nucleo/tree/main/zip/</datadir>
        </dir>
    </extension>
    <extension point="xbmc.addon.metadata">
        <summary>nucleo Repo</summary>
        <description>addons favoritos</description>
        <disclaimer></disclaimer>
        <platform>all</platform>
        <assets>
            <icon>icon.png</icon>
            <fanart>fanart.jpg</fanart>
        </assets>
    </extension>
</addon>